group_id,group_domain,control_id,control_name,sub_domain,description,type,function,risk_level,objective,key_challenges,strategic_risks,deployment_exposure_context,use_case_scope,mapped_failure_ids,rationale_summary,mapped_compensation_ids,observations
CRT-G-01,Data Security and Privacy,CRT-C-0001,Data Classification Framework,Information Classification & Handling,"Structured method to categorise information assets (Public, Internal, Confidential etc.) ensuring proportional protection by sensitivity and operational impact.",Common,Preventative,Moderate,Provide consistent basis for applying controls aligned to data value and exposure risk.,"Misclassification, inconsistent enforcement, metadata gaps.","Data leakage, insider misuse, regulatory exposure.",Hybrid (on-prem + SaaS); moderate interdependence risk; governance fragmentation possible without central registry.,Personal → SME → Enterprise.,FM-012;FM-018;FM-022;FM-023;FM-024,Classification errors or governance gaps cause mis-labelling and control drift; metadata loss reduces enforcement consistency.,CRT-N-0037;CRT-N-0038;CRT-N-0061;CRT-N-0062;CRT-N-0063;CRT-N-0064,Foundational control; metadata consistency is vital for downstream DLP and retention accuracy.
CRT-G-01,Data Security and Privacy,CRT-C-0002,Data Encryption (At Rest),Data Protection – At Rest,Protects stored data through cryptographic methods that prevent unauthorised disclosure or tampering on physical or virtual media.,Common,Preventative,High,Preserve confidentiality and integrity of data at rest across systems and devices.,"Key management complexity, performance impact, legacy storage compatibility.","Data breach, loss of customer trust, compliance penalties.","Applies to on-prem servers, cloud storage, and portable devices; requires alignment with encryption standards and HSM policies.",Personal → Enterprise.,FM-001;FM-008;FM-014;FM-020;FM-032,"Encryption fails if keys are mishandled, algorithms outdated, or governance reviews lapse.",CRT-N-0038;CRT-N-0039;CRT-N-0061;CRT-N-0064,Essential baseline control; encryption efficacy depends on secure key lifecycle management.
CRT-G-01,Data Security and Privacy,CRT-C-0003,Data Encryption (In Transit),Data Protection – In Transit,"Ensures confidentiality and integrity of data while moving across networks through TLS, VPN, and secure protocols.",Common,Preventative,High,"Prevent interception, man-in-the-middle attacks, and tampering during transmission.","Certificate management, deprecated protocol use, misconfigured endpoints.","Information disclosure, session hijacking, data manipulation.",All connectivity models; critical for remote and cloud services where data crosses untrusted networks.,Personal → SME → Enterprise.,FM-001;FM-010;FM-016;FM-032,Weak encryption during transit exposes data via integration drift or cryptographic deprecation.,CRT-N-0034;CRT-N-0062;CRT-N-0071;CRT-N-0075,Complementary to encryption at rest; requires ongoing certificate and protocol governance.
CRT-G-01,Data Security and Privacy,CRT-C-0004,Endpoint Data Loss Prevention (DLP),Data Loss Prevention,Monitors and controls data movement from endpoints to external devices or cloud services to prevent unauthorised exfiltration.,Supplemental,Detective / Preventative,High,Identify and block risky data transfers in real time while supporting business operations.,"False positives, user workarounds, policy complexity.","Unnoticed data leakage, shadow IT usage, privacy breach.",Endpoint and hybrid work environments; visibility must extend to BYOD and remote agents.,SME → Enterprise.,FM-005;FM-011;FM-012;FM-013;FM-024;FM-026;FM-035;FM-036,DLP mis-tags or user fatigue undermine endpoint protection and enforcement coverage.,CRT-N-0061;CRT-N-0062;CRT-N-0063;CRT-N-0077;CRT-N-0079,Enhances classification controls; effectiveness depends on clear policy definition and user training.
CRT-G-01,Data Security and Privacy,CRT-C-0005,Data Integrity Monitoring,Data Integrity & Change Control,"Implements checksum, hashing, and change-control mechanisms to detect unauthorised data alteration or corruption.",Common,Detective,Moderate,Ensure accuracy and authenticity of stored or transmitted data.,"Integration with existing systems, alert fatigue, limited coverage of unstructured data.","Data tampering, fraud, loss of audit integrity.",Applicable across hybrid environments; monitoring should cover critical data repositories and APIs.,SME → Enterprise.,FM-001;FM-005;FM-008;FM-018;FM-020;FM-024;FM-036;FM-037;FM-043,Gaps in logging or late detection obscure tampering and distort integrity metrics.,CRT-N-0038;CRT-N-0039;CRT-N-0061;CRT-N-0063;CRT-N-0079;CRT-N-0080,Complements encryption controls by detecting unauthorised modification post-access.
CRT-G-01,Data Security and Privacy,CRT-C-0006,Data Retention and Destruction Policies,Data Lifecycle & Disposition,Defines how long data is kept and how it is securely deleted once no longer needed to reduce legal and operational exposure.,Common,Preventative / Corrective,Moderate,Minimise risk through controlled retention cycles and verifiable destruction methods.,"Inconsistent policy application, backup retention gaps, jurisdictional requirements.","Over-retention, data spillage from legacy systems, non-compliance with privacy laws.",Hybrid storage models; requires alignment with records-management and legal retention policies.,Personal → SME → Enterprise.,FM-001;FM-012;FM-018;FM-022;FM-024;FM-041,Out-of-date or mis-applied retention rules leave residual sensitive data or hinder recovery.,CRT-N-0037;CRT-N-0038;CRT-N-0064;CRT-N-0066;CRT-N-0067,Supports “privacy by design”; critical for demonstrable compliance and data minimisation.
CRT-G-02,Access and Identity Security,CRT-C-0007,Multi-Factor Authentication (MFA),Identity Assurance,"Requires two or more independent authentication factors to verify user identity, reducing credential-based compromise.",Common,Preventative,High,Strengthen identity assurance and limit exploitation of stolen or weak credentials.,"User friction, inconsistent rollout, legacy-system compatibility.","Credential theft, privilege escalation, unauthorised access.",Cloud and hybrid environments; essential for remote and privileged accounts.,Personal → SME → Enterprise.,FM-003;FM-004;FM-006;FM-015;FM-025;FM-026;FM-038;FM-041,"MFA weakens through token reuse, poor policy alignment, or federation mis-validation.",CRT-N-0053;CRT-N-0054;CRT-N-0055;CRT-N-0056;CRT-N-0057,Baseline access-control safeguard; strongest when paired with adaptive authentication.
CRT-G-02,Access and Identity Security,CRT-C-0008,Fine-Grained Authorisation,Authorisation & Entitlement Control,"Enforces role-, attribute-, or context-based permissions to restrict actions to the minimum necessary.",Supplemental,Preventative,High,"Prevent privilege misuse through precise, condition-aware access logic.","Policy sprawl, rule conflicts, dynamic-context evaluation overhead.","Excessive privilege, insider abuse, regulatory non-compliance.",Enterprise and cloud platforms; critical where APIs expose granular functions.,SME → Enterprise.,FM-005;FM-006;FM-011;FM-015;FM-016;FM-038,Overlapping or unreviewed access rules create privilege creep and loss of least-privilege control.,CRT-N-0053;CRT-N-0055;CRT-N-0057;CRT-N-0071,Core component of zero-trust architecture; depends on accurate identity context.
CRT-G-02,Access and Identity Security,CRT-C-0009,Federation and External User Management,Federated Identity Governance,Establishes trust and governance for third-party and federated identities across multiple domains or organisations.,Contextual,Preventative / Detective,Moderate,Enable secure collaboration while maintaining consistent authentication and audit control.,"Identity-provider misalignment, token-lifetime management, contractual oversight.","Supply-chain exposure, cross-domain breach propagation, loss of identity integrity.","Common in hybrid cloud and multi-tenant ecosystems; relies on federation standards (OAuth, SAML, OIDC).",SME → Enterprise.,FM-003;FM-005;FM-009;FM-013;FM-015;FM-025;FM-038;FM-042,Extends zero-trust boundaries externally; demands rigorous token and claim validation. Federation de-provisioning eliminates dormant partner credentials.,CRT-N-0023;CRT-N-0053;CRT-N-0054;CRT-N-0055;CRT-N-0056,Extends zero-trust boundaries externally; demands rigorous token and claim validation.
CRT-G-02,Access and Identity Security,CRT-C-0010,Privileged Access Management (PAM),Privileged Access Governance,"Governs, monitors, and audits administrative and high-privilege accounts to prevent misuse or compromise.",Common,Preventative / Detective,Critical,Restrict and record privileged actions through controlled elevation and session management.,"Tool complexity, credential vault maintenance, integration overhead.","Catastrophic system takeover, data breach, compliance failure.",Hybrid and cloud infrastructures; essential for administrative and service accounts.,SME → Enterprise.,FM-003;FM-005;FM-006;FM-011;FM-015;FM-016;FM-021;FM-038;FM-041,High-impact privileges demand consistent review; audit or ownership lapses invite escalation misuse.,CRT-N-0053;CRT-N-0055;CRT-N-0057;CRT-N-0060;CRT-N-0068,Central pillar of access governance; enables forensic replay and continuous monitoring.
CRT-G-02,Access and Identity Security,CRT-C-0011,Identity Lifecycle Management,Identity Provisioning & Deprovisioning,"Automates and governs creation, modification, and removal of user identities throughout their lifecycle.",Common,Preventative / Corrective,High,Ensure timely provisioning and de-provisioning to reduce orphan accounts and privilege creep.,"Integration with HR systems, manual on/off-boarding, shadow accounts.","Excess access, insider threat, audit failure.",All environments; critical for federated and cloud directory services.,SME → Enterprise.,FM-003;FM-006;FM-011;FM-015;FM-038;FM-041,Unrevoked or residual accounts and unmanaged tools extend trust beyond intended scope. Account-revocation and entitlement tracking close residual trust gaps.,CRT-N-0016;CRT-N-0053;CRT-N-0054;CRT-N-0055;CRT-N-0057,Provides foundation for authorisation accuracy and regulatory traceability.
CRT-G-02,Access and Identity Security,CRT-C-0012,Password Hygiene and Credential Hardening,Credential Security,"Establishes requirements for password length, complexity, rotation, and storage to reduce credential compromise.",Common,Preventative,Moderate,Mitigate password-related breach vectors through hardened credential standards.,"User fatigue, reuse across systems, insecure storage.","Account takeover, phishing success, credential stuffing.",Universal control; applies to all auth mechanisms including service accounts.,Personal → SME → Enterprise.,FM-003;FM-004;FM-006;FM-015;FM-026;FM-038,"Weak or reused credentials, combined with user fatigue, create recurring compromise vectors.",CRT-N-0053;CRT-N-0054;CRT-N-0055,Foundational but diminishing as passwordless approaches mature; remains baseline for legacy systems.
CRT-G-03,Infrastructure and Connectivity Risk,CRT-C-0013,Secure Remote Access (VPN / ZTNA),Remote Access Security,"Establishes encrypted, policy-controlled remote access using VPN or Zero-Trust Network Access (ZTNA) architectures.",Common,Preventative,High,"Safeguard remote connections by verifying user, device, and session context before granting network access.","Credential leakage, weak endpoint posture checks, performance degradation.","Network intrusion, lateral movement, data exfiltration.",Essential for hybrid and remote-work models; aligns with zero-trust segmentation principles.,SME → Enterprise.,FM-003;FM-004;FM-006;FM-015;FM-016;FM-025;FM-041,Weak configuration or external-provider dependencies expose remote channels to misuse.,CRT-N-0055;CRT-N-0062;CRT-N-0071;CRT-N-0075,Foundational for secure hybrid operations; integrates with MFA and endpoint-health telemetry.
CRT-G-03,Infrastructure and Connectivity Risk,CRT-C-0014,Network Segmentation,Network Zoning & Microsegmentation,Divides networks into security zones to limit lateral movement and isolate critical assets.,Common,Preventative / Detective,High,Contain breaches and enforce least-privilege connectivity.,"Over-segmentation complexity, firewall rule management, visibility gaps.","Unchecked spread of malware, privilege escalation, operational downtime.",Core to on-prem and hybrid architectures; must integrate with identity-aware routing.,SME → Enterprise.,FM-006;FM-011;FM-015;FM-016;FM-037;FM-043,Poorly maintained segments or elevated privileges can erode isolation boundaries.,CRT-N-0034;CRT-N-0071;CRT-N-0075;CRT-N-0068,Structural defence mechanism; supports resilience by compartmentalising compromise impact.
CRT-G-03,Infrastructure and Connectivity Risk,CRT-C-0015,Secure Wi-Fi Management,Wireless Access Security,"Implements strong encryption (WPA3), network segmentation, and access control for wireless networks.",Common,Preventative,Moderate,Protect data in transit and prevent rogue-access-point intrusion.,"Legacy devices, credential sharing, guest-network isolation.","Eavesdropping, credential harvesting, local breach propagation.",Office and branch environments; applies to IoT and BYOD contexts.,SME → Enterprise.,FM-001;FM-003;FM-011;FM-015;FM-016;FM-026,"Mis-set SSIDs, weak policies, or inattentive users create broadcast and interception risks.",CRT-N-0055;CRT-N-0062;CRT-N-0071;CRT-N-0075,Baseline physical-layer safeguard; complements remote-access and segmentation controls.
CRT-G-03,Infrastructure and Connectivity Risk,CRT-C-0016,Public Network Access Hardening,Internet Exposure Management,"Restricts or secures direct exposure of internal services to public networks through reverse-proxies, firewalls, or CASB controls.",Supplemental,Preventative,Moderate,Reduce external attack surface and minimise unauthorised ingress/egress paths.,"Misconfigured firewalls, inconsistent cloud security-groups, shadow endpoints.","Data breach, ransomware infiltration, DDoS exposure.",Cloud and internet-facing infrastructure; relies on continuous attack-surface management.,SME → Enterprise.,FM-001;FM-003;FM-010;FM-015;FM-016;FM-025,Internet-facing assets require continuous validation; drift or failed recovery opens attack surface.,CRT-N-0034;CRT-N-0062;CRT-N-0069;CRT-N-0071;CRT-N-0075,Often overlooked in hybrid setups; provides measurable reduction in exposure footprint.
CRT-G-03,Infrastructure and Connectivity Risk,CRT-C-0017,Secure DNS and Network Traffic Monitoring,DNS Security & Traffic Analytics,"Utilises DNS filtering, anomaly detection, and encrypted-traffic inspection to identify malicious communication patterns.",Common,Detective / Preventative,High,Detect command-and-control or data-exfiltration activity early.,"Encrypted-traffic visibility, privacy balance, tuning alert thresholds.","Stealth malware persistence, delayed incident detection, lateral compromise.",Network and cloud gateways; dependent on robust telemetry pipelines.,SME → Enterprise.,FM-007;FM-015;FM-017;FM-035;FM-036;FM-030,Logging and detection lag obscure DNS tunnelling or anomalous traffic patterns.,CRT-N-0040;CRT-N-0068;CRT-N-0075;CRT-N-0079;CRT-N-0080;CRT-N-0081,Enhances situational awareness; key telemetry feed for AI Observation Console.
CRT-G-03,Infrastructure and Connectivity Risk,CRT-C-0018,Infrastructure Resilience Planning,Infrastructure Resilience & Capacity,"Defines redundancy, failover, and capacity-planning strategies to sustain critical services under fault or attack.",Contextual,Corrective / Preventative,High,Maintain operational continuity through engineered resilience and contingency design.,"Cost constraints, configuration drift, dependency under-mapping.","Service outage, cascading failure, recovery-time breach.",All infrastructures; vital for regulated and mission-critical environments.,SME → Enterprise.,FM-008;FM-020;FM-029;FM-030;FM-034;FM-040,Concentrated hosting or untested recovery plans amplify outage and continuity risks.,CRT-N-0072;CRT-N-0073;CRT-N-0074;CRT-N-0064;CRT-N-0102,Forms the backbone of recovery architecture; links with metrics dashboard and simulation engine.
CRT-G-03,Infrastructure and Connectivity Risk,CRT-C-0065,Technical Baseline Governance,Secure Configuration Governance,"Establishes and maintains hardened technical baselines for systems, platforms, and cloud services, covering configuration, time synchronisation, service exposure, authentication, logging, and protocol governance. Ensures baselines are version-controlled, enforced, monitored for drift, and aligned with organisational policies, risk expectations, and regulatory requirements.",Common,Preventative / Detective,High,"Provide a consistent, measurable, and enforceable foundation of secure configuration across all technology stacks, enabling early detection of misconfiguration, reducing attack surface, and supporting forensic traceability and operational integrity.",Configuration drift across environments; inconsistent baseline ownership; legacy platforms; cloud/modern stack complexity; lack of automated compliance tooling; gaps between policy requirements and platform enforcement.,Privilege escalation; silent misconfiguration; timestamp inaccuracies; log integrity failures; broadened attack surface; exploitation of insecure defaults; systemic weaknesses enabling lateral movement.,Configuration drift across environments; inconsistent baseline ownership; legacy platform variance; cloud/provider abstraction gaps; lack of automated compliance validation.,SME → Enterprise,FM-001;FM-002;FM-006;FM-018;FM-041;FM-037;FM-043,"Misconfigured or unmaintained baselines introduce systemic weaknesses that attackers exploit before higher-order controls activate. Baseline governance ensures technical foundations remain secure, coherent, and aligned with risk posture.",CRT-N-0038;CRT-N-0039;CRT-N-0065;CRT-N-0066;CRT-N-0068;CRT-N-0071;CRT-N-0079,"Baseline governance is frequently assumed but rarely implemented consistently; automated compliance drift detection is essential; forms the connective tissue between policy intent, standards, and operational reality."
CRT-G-04,Application and Integration Risk,CRT-C-0019,Secure API Gateways,API Access & Boundary Protection,"Implements authentication, rate limiting, and payload validation at the API boundary to prevent unauthorised access and abuse.",Common,Preventative,High,Safeguard data exchange between internal and external services through consistent policy enforcement.,"Token leakage, inconsistent API versioning, weak logging visibility.","Data exposure, privilege escalation, dependency exploitation.",Cloud-native and hybrid integration layers; applies to microservice and B2B interfaces.,SME → Enterprise.,FM-010;FM-011;FM-015;FM-016;FM-030;FM-035,"Gateways fail when integrations drift, vendor endpoints misalign, or trust boundaries blur.",CRT-N-0055;CRT-N-0062;CRT-N-0069;CRT-N-0075;CRT-N-0079;CRT-N-0080,Cornerstone of integration security; API misuse often leads to systemic compromise if not monitored continuously.
CRT-G-04,Application and Integration Risk,CRT-C-0020,Secure Software Development Lifecycle (SSDLC),Secure SDLC Governance,"Integrates security activities—threat modelling, code review, dependency scanning—throughout the development lifecycle.",Common,Preventative / Detective,High,Identify and remediate vulnerabilities early in design and build stages.,"Developer engagement, tooling consistency, dependency management.","Vulnerable releases, regulatory exposure, reputational loss.","Enterprise development pipelines, DevSecOps, and third-party software integration.",SME → Enterprise.,FM-001;FM-010;FM-018;FM-022;FM-043,Development control lapses and poor update discipline allow latent defects and stale playbooks. Development pipelines enforce pre-deployment validation and rollback discipline.,CRT-N-0038;CRT-N-0039;CRT-N-0065;CRT-N-0066;CRT-N-0070;CRT-N-0049;CRT-N-0050,Foundational for shift-left resilience; reinforces secure culture within engineering teams.
CRT-G-04,Application and Integration Risk,CRT-C-0021,Application Layer Access Control,Application Authorisation Controls,"Enforces identity-aware, role-based access rules at the application tier independent of network perimeter.",Common,Preventative,High,Prevent unauthorised access and privilege misuse within application logic.,"Policy granularity, custom code bypasses, decentralised access checks.","Data manipulation, privilege abuse, business-logic exploitation.","Web, SaaS, and internal apps; integral to zero-trust models.",SME → Enterprise.,FM-003;FM-005;FM-011;FM-015;FM-016,Weak or misaligned logic in app-layer roles allows privilege overlap and trust gaps.,CRT-N-0053; CRT-N-0054; CRT-N-0055; CRT-N-0056; CRT-N-0057,Complements MFA and fine-grained authorisation; enforces least privilege at transaction level.
CRT-G-04,Application and Integration Risk,CRT-C-0022,Third-Party Integration Risk Assessment,Third-Party Application Risk,"Evaluates the security posture, dependency mapping, and data exposure of integrated third-party applications.",Supplemental,Preventative / Detective,Moderate,"Identify and manage risk introduced by external APIs, plug-ins, and SaaS dependencies.","Vendor visibility, version drift, lack of contractual assurances.","Supply-chain compromise, data leakage, compliance gap.",Common across SaaS and hybrid ecosystems; should align with vendor-risk framework.,SME → Enterprise.,FM-009;FM-010;FM-013;FM-037,Unvetted integrations introduce external exposure and governance ambiguity.,CRT-N-0022; CRT-N-0023; CRT-N-0024; CRT-N-0025; CRT-N-0026; CRT-N-0027; CRT-N-0028; CRT-N-0029; CRT-N-0030; CRT-N-0031,Directly supports vendor-risk domain; cross-links to CRT-C-0025 (Third-Party Risk Assessment Framework).
CRT-G-04,Application and Integration Risk,CRT-C-0023,Web Application Firewalls (WAF),Web Application Perimeter,"Filters, monitors, and blocks malicious HTTP/S traffic using rule-based and behavioural analytics.",Common,Preventative / Detective,High,"Protect public-facing web applications from injection, cross-site scripting, and protocol abuse.","False positives, bypass through obfuscation, rule maintenance.","Web defacement, data exfiltration, downtime from exploit attempts.",Internet-facing assets and reverse proxies; integrates with CDN and SIEM.,SME → Enterprise.,FM-010;FM-016;FM-017;FM-035,Misconfigured WAF rules or overreliance on detection cause coverage gaps.,CRT-N-0069; CRT-N-0070; CRT-N-0071; CRT-N-0075; CRT-N-0077; CRT-N-0079; CRT-N-0080; CRT-N-0081; CRT-N-0084,Critical control for exposed services; functions best when linked to continuous vulnerability management.
CRT-G-04,Application and Integration Risk,CRT-C-0024,Data Validation and Output Encoding,Input Validation & Output Encoding,Ensures all user inputs are validated and outputs encoded to prevent injection or cross-site scripting attacks.,Common,Preventative,High,Maintain integrity of application data flow and user-facing content.,"Legacy code coverage, inconsistent framework use, developer awareness.","Code injection, data corruption, information disclosure.",Universal across application stack; requires coding standards and validation libraries.,SME → Enterprise.,FM-010;FM-005;FM-026,Validation bypasses or rule drift expose injection and data manipulation paths.,CRT-N-0069; CRT-N-0070; CRT-N-0039; CRT-N-0041; CRT-N-0043,Essential secure-coding control; forms backbone of input sanitation within SSDLC.
CRT-G-05,Third-Party and Vendor Risk,CRT-C-0025,Third-Party Risk Assessment Framework,Third-Party Risk Methodology,Establishes a consistent method to evaluate the cybersecurity posture and resilience of all third-party providers before engagement.,Common,Preventative / Detective,High,Identify vulnerabilities and governance gaps introduced through vendor relationships.,"Supplier transparency, questionnaire fatigue, inconsistent scoring models.","Supply-chain compromise, contractual exposure, systemic dependency.",Procurement and vendor-management processes across all sectors.,SME → Enterprise.,FM-009;FM-013;FM-037;FM-042,"Without structured risk assessment, vendor exposure remains opaque and unverified.",CRT-N-0022; CRT-N-0023; CRT-N-0024; CRT-N-0025; CRT-N-0026; CRT-N-0027; CRT-N-0028; CRT-N-0030; CRT-N-0031,Foundation for all downstream vendor-security processes; informs continuous monitoring controls.
CRT-G-05,Third-Party and Vendor Risk,CRT-C-0026,Contractual Security Clauses,Security & Privacy Contracting,"Embeds explicit security, confidentiality, and incident-reporting obligations within vendor and outsourcing contracts.",Common,Preventative,Moderate,Establish enforceable minimum controls and liability boundaries.,"Legal interpretation variance, update cycles, jurisdictional differences.","Regulatory breach, weak recourse for non-compliance, unmanaged subcontractors.",Contract formation and renewal across supply-chain tiers.,SME → Enterprise.,FM-009;FM-013;FM-042,Weak contractual obligations or outdated clauses cause enforcement and reporting breakdowns.,CRT-N-0023; CRT-N-0024; CRT-N-0025; CRT-N-0026; CRT-N-0028; CRT-N-0029; CRT-N-0030; CRT-N-0031; CRT-N-0095; CRT-N-0096,Serves as governance backbone for third-party oversight; aligns with ISO A.15 and DORA 3.
CRT-G-05,Third-Party and Vendor Risk,CRT-C-0027,Ongoing Vendor Monitoring,Vendor Continuous Monitoring,"Implements continuous or periodic assessment of vendor-security posture through attestations, scans, or telemetry feeds.",Supplemental,Detective,High,Detect material changes in risk exposure or control degradation over time.,"Data timeliness, monitoring cost, third-party cooperation.","Blind-spot persistence, outdated assurance data, delayed incident awareness.",Post-onboarding oversight across managed services and SaaS suppliers.,SME → Enterprise.,FM-009;FM-017;FM-035;FM-036,Failure to continuously review third-party posture creates untracked deterioration of assurance.,CRT-N-0024; CRT-N-0025; CRT-N-0026; CRT-N-0027; CRT-N-0028; CRT-N-0029; CRT-N-0030; CRT-N-0078,Critical to resilience of extended enterprise; integrates with Telemetry & Signal Console.
CRT-G-05,Third-Party and Vendor Risk,CRT-C-0028,Segregated Access and Permissions,Vendor Access Separation,"Enforces logical and physical separation of vendor credentials, sessions, and privileges from internal accounts.",Common,Preventative,High,Prevent unauthorised cross-access and contain vendor-origin breaches.,"Shared accounts, temporary access sprawl, inadequate audit trails.","Privilege escalation, insider collusion, uncontrolled data movement.",Multi-tenant and hybrid infrastructures using outsourced administration.,SME → Enterprise.,FM-011;FM-015;FM-038,Vendors granted broad access without segmentation amplify cross-tenant exposure. Cross-tenant mapping and identity hygiene prevent orphaned external access paths.,CRT-N-0053; CRT-N-0055; CRT-N-0056; CRT-N-0057; CRT-N-0071,Complements PAM and MFA; foundational to zero-trust vendor access.
CRT-G-05,Third-Party and Vendor Risk,CRT-C-0029,Incident Response Integration,Vendor Incident Integration,"Ensures vendor incident-response plans integrate with organisational escalation, communication, and forensics workflows.",Supplemental,Corrective / Detective,High,Achieve coordinated containment and transparency during shared incidents.,"Contractual clarity, cross-time-zone coordination, inconsistent notification timing.","Prolonged outages, duplicated effort, regulatory sanction for delayed disclosure.","Outsourced service arrangements, managed SOC, and cloud-provider relationships.",SME → Enterprise.,FM-009;FM-019;FM-030;FM-040,Misaligned playbooks and delayed cross-boundary communication hinder joint containment. Coordinated breach-reporting across partners prevents legal and timing misalignment.,CRT-N-0095; CRT-N-0096; CRT-N-0086; CRT-N-0087; CRT-N-0088; CRT-N-0089; CRT-N-0090; CRT-N-0094; CRT-N-0105,Strengthens operational resilience; reinforces shared-responsibility model.
CRT-G-05,Third-Party and Vendor Risk,CRT-C-0030,Termination and Exit Controls,Vendor Offboarding & Exit,"Defines structured off-boarding procedures for vendors, including data return, credential revocation, and access decommissioning.",Common,Corrective,Moderate,Prevent post-contract data leakage and residual-access risk.,"Data-erasure verification, multi-system dependencies, incomplete audit trails.","Persistent credentials, data-retention breaches, reputational damage.",Contract end-of-life and service transition phases.,SME → Enterprise.,FM-038;FM-015;FM-020,Incomplete deprovisioning and unclear ownership extend residual risk post-contract.,CRT-N-0031; CRT-N-0026; CRT-N-0028; CRT-N-0095,Completes vendor-risk lifecycle; essential for GDPR and DORA compliance closure.
CRT-G-06,Behavioural and Human Factor Risks,CRT-C-0031,Phishing Simulation and Awareness Training,Awareness & Simulation,Conducts simulated phishing exercises and provides adaptive training to strengthen user awareness and reporting culture.,Common,Preventative / Detective,High,Reduce susceptibility to social engineering through practical reinforcement and metrics-based feedback.,"User fatigue, inconsistent reinforcement, metric misinterpretation.","Credential compromise, malware infiltration, insider-assisted attacks.",Organisation-wide; integral to workforce security programmes.,Personal → SME → Enterprise.,FM-003;FM-005;FM-026;FM-031;FM-039;FM-041;FM-034,"Repetitive or uncontextualised training desensitises staff, weakening vigilance and oversight.",CRT-N-0059; CRT-N-0060,Foundational behavioural safeguard; complements technical email-security measures.
CRT-G-06,Behavioural and Human Factor Risks,CRT-C-0032,Insider Threat Monitoring and Response,Insider Risk Management,Implements behavioural analytics and escalation procedures to detect and respond to insider misuse or data exfiltration.,Common,Detective / Corrective,High,Identify anomalous user activity and reduce harm from negligent or malicious insiders.,"Privacy constraints, alert fatigue, false positives.","Data loss, reputational damage, regulatory non-compliance.",All organisational layers; most effective when linked with HR and compliance functions.,SME → Enterprise.,FM-003;FM-005;FM-011;FM-015;FM-032;FM-041;FM-036;FM-038;FM-039,"Without continuous behavioural and contextual analytics, insider misuse goes undetected.",CRT-N-0077; CRT-N-0041; CRT-N-0080; CRT-N-0081,Blends technical and behavioural data; success depends on cultural maturity and governance clarity.
CRT-G-06,Behavioural and Human Factor Risks,CRT-C-0033,Secure-by-Design UX Practices,Secure UX & Safe Defaults,Integrates security cues and safe defaults within user interfaces to reduce behavioural errors and accidental exposures.,Supplemental,Preventative,Moderate,Guide secure behaviour by design rather than relying solely on training.,"Balancing usability with control enforcement, inconsistent UX patterns, resource constraints.","Misconfiguration, user bypass of controls, cognitive overload.",Software and platform development with user interaction layers.,SME → Enterprise.,FM-004;FM-012;FM-033;FM-026;FM-041;FM-018,Complex UX or poor workflow design encourages circumvention of intended security controls.,CRT-N-0057; CRT-N-0059,Reinforces “secure usability” principle; supports risk reduction through intuitive design.
CRT-G-06,Behavioural and Human Factor Risks,CRT-C-0034,Behavioural Baseline Monitoring,Behavioural Analytics,Establishes behavioural norms for digital interactions to detect anomalies or shifts that may indicate compromise or stress.,Supplemental,Detective,Moderate,Enable early detection of behavioural deviations linked to insider threat or burnout.,"Privacy balance, false correlation, limited contextual data.","Insider risk escalation, reduced morale, trust erosion.",Internal analytics programmes; best integrated with employee wellbeing and HR processes.,SME → Enterprise.,FM-003;FM-005;FM-011;FM-015;FM-026;FM-034;FM-036;FM-041;FM-039,Drift in behavioural patterns or overconfidence in baseline models causes latent exposure.,CRT-N-0077; CRT-N-0080; CRT-N-0081,Bridge between cyber analytics and human factors; fosters proactive intervention culture.
CRT-G-06,Behavioural and Human Factor Risks,CRT-C-0035,Clear Reporting Channels and Protections,Speak-Up & Reporting Channels,"Establishes confidential, non-punitive mechanisms for employees to report security incidents or suspicious behaviour.",Common,Preventative / Corrective,Moderate,Encourage timely reporting and cultural trust without fear of retribution.,"Perceived retaliation risk, inconsistent follow-up, awareness gaps.","Unreported incidents, delayed containment, regulatory non-disclosure.",Universal organisational policy; must integrate with ethics and HR frameworks.,Personal → SME → Enterprise.,FM-005;FM-019;FM-034;FM-038;FM-041;FM-042,Staff hesitate to report anomalies if reporting pathways are unclear or culturally unsafe.,CRT-N-0059,Cultural linchpin of behavioural security; reinforces accountability and openness.
CRT-G-06,Behavioural and Human Factor Risks,CRT-C-0036,Fatigue and Burnout Monitoring,Workforce Resilience & Fatigue,Implements processes and tooling to identify workload imbalance or stress conditions linked to security control failures.,Contextual,Preventative / Detective,Moderate,Maintain staff effectiveness and reduce error likelihood under operational stress.,"Privacy compliance, subjective data accuracy, lack of organisational focus.","Operational error, oversight fatigue, insider negligence.","Security operations, IT administration, and high-intensity response functions.",SME → Enterprise.,FM-004;FM-005;FM-018;FM-019;FM-026;FM-034;FM-041;FM-036,Human exhaustion reduces detection performance and coordination quality across teams.,CRT-N-0015;CRT-N-0021,Often overlooked resilience layer; vital for sustaining human performance in defence environments.
CRT-G-07,Regulatory and Framework Alignment,CRT-C-0037,Security Policy Framework,Security Policy Governance,"Establishes and maintains a unified, documented set of security policies governing behaviour, technology, and governance expectations.",Common,Preventative,High,Provide authoritative guidance and accountability for security obligations across the organisation.,"Policy sprawl, poor version control, limited enforcement visibility.","Inconsistent control adoption, regulatory non-compliance, audit failure.",Applies enterprise-wide; foundation for certification readiness and cultural consistency.,SME → Enterprise.,FM-018;FM-022;FM-021;FM-037;FM-031;FM-011;FM-041;FM-034;FM-039;FM-023;FM-042,Outdated or inconsistent policies create control drift and weak governance visibility.,CRT-N-0017; CRT-N-0018; CRT-N-0013; CRT-N-0014,Anchors every domain of the CRT catalogue; direct alignment with ISO 27001 Clause 5 and Annex A.5.
CRT-G-07,Regulatory and Framework Alignment,CRT-C-0038,Risk Assessment Methodology,Cyber Risk Methodology,"Defines a repeatable method for identifying, analysing, and prioritising cyber-risk scenarios across organisational assets.",Common,Preventative / Detective,High,"Ensure proportional, evidence-based allocation of control investment and effort.","Subjectivity, data scarcity, inconsistent scoring models.","Mis-prioritised defences, poor resource allocation, strategic blind spots.",Organisation-wide risk and assurance programmes.,SME → Enterprise.,FM-037;FM-018;FM-034;FM-033;FM-023;FM-021;FM-022;FM-029;FM-041;FM-039,Static or incomplete assessment models lead to misplaced confidence and poor prioritisation. Governance controls ensure AI and change management remain traceable and risk-aligned.,CRT-N-0011; CRT-N-0042; CRT-N-0043; CRT-N-0044; CRT-N-0045; CRT-N-0039,Core reference for aligning with NIST CSF Identify function (ID.RA).
CRT-G-07,Regulatory and Framework Alignment,CRT-C-0039,Data Protection and Privacy Governance,Privacy Governance,"Establishes accountability, oversight, and data-handling standards to ensure privacy obligations under frameworks such as GDPR or CCPA.",Common,Preventative / Corrective,High,Protect personal and sensitive data while demonstrating compliance transparency.,"Cross-border data flows, consent management, continuous compliance.","Legal sanctions, loss of trust, reputational harm.",All business functions processing personal or regulated data.,Personal → Enterprise.,FM-012;FM-013;FM-024;FM-042;FM-038;FM-021;FM-022;FM-039,Poor governance on data lineage and tagging causes privacy breaches and compliance exposure. Privacy-governance frameworks mediate conflicting regional disclosure laws.,CRT-N-0003; CRT-N-0037; CRT-N-0061; CRT-N-0062; CRT-N-0063,"Integrates legal, operational, and technical safeguards; aligned with ISO 27701."
CRT-G-07,Regulatory and Framework Alignment,CRT-C-0040,Compliance Monitoring and Reporting,Compliance Operations,Establishes procedures and tooling for continuous oversight of control performance and compliance status.,Common,Detective,Moderate,Detect deviation from mandated frameworks or internal policy obligations.,"Data fragmentation, report latency, incomplete scope.","Audit failure, non-compliance penalties, management blind spots.",GRC platforms and compliance teams; links directly with assurance processes.,SME → Enterprise.,FM-023;FM-021;FM-022;FM-037;FM-042;FM-041;FM-034;FM-018;FM-039,"Weak assurance processes prevent visibility of ongoing control deterioration. Compliance reporting ensures timely, jurisdiction-appropriate notifications.",CRT-N-0013; CRT-N-0014; CRT-N-0015; CRT-N-0019; CRT-N-0020; CRT-N-0021; CRT-N-0049; CRT-N-0051,Supports DORA and COBIT governance alignment; critical for board-level oversight.
CRT-G-07,Regulatory and Framework Alignment,CRT-C-0041,Vendor Risk and Compliance Assurance,Vendor Compliance Assurance,Extends compliance checks and attestations to critical suppliers and outsourced partners.,Supplemental,Preventative / Detective,Moderate,Confirm external entities maintain equivalent levels of control maturity and compliance posture.,"Data-sharing reluctance, uneven jurisdictional requirements.","Regulatory exposure through suppliers, fragmented oversight.",Third-party governance and procurement processes.,SME → Enterprise.,FM-009;FM-013;FM-038;FM-042;FM-023;FM-021;FM-022;FM-037;FM-031;FM-039,Vendors unaligned with internal standards weaken organisational compliance posture.,CRT-N-0022; CRT-N-0023; CRT-N-0024; CRT-N-0025; CRT-N-0026; CRT-N-0027; CRT-N-0028; CRT-N-0029; CRT-N-0030; CRT-N-0031,Bridges regulatory oversight between CRT-G-05 (Vendor Risk) and compliance domains.
CRT-G-07,Regulatory and Framework Alignment,CRT-C-0042,Incident Reporting and Breach Notification,Regulatory Incident Notifications,"Defines structured timelines, escalation criteria, and authority-specific notification templates for security incidents.",Common,Corrective,High,"Ensure timely, transparent, and compliant disclosure to regulators, partners, and affected parties.","Jurisdictional variance, incomplete impact assessment, communication clarity.","Legal non-compliance, reputational damage, operational disruption.",Applies to all digital-service providers and regulated entities.,SME → Enterprise.,FM-042;FM-019;FM-017;FM-036;FM-034;FM-021;FM-023;FM-041,Lack of clarity on escalation criteria and timing leads to late or incomplete breach disclosures.,CRT-N-0095; CRT-N-0096; CRT-N-0086; CRT-N-0087; CRT-N-0088; CRT-N-0089,Harmonises with GDPR Articles 33–34 and DORA incident-reporting mandates.
CRT-G-08,Emerging Technologies and Systemic Risks,CRT-C-0043,IoT Device Risk Management,IoT/OT Asset Security,"Establishes inventory, configuration, and lifecycle controls for Internet of Things and operational-technology assets.",Common,Preventative / Detective,High,Contain and mitigate exposure introduced by network-connected devices.,"Firmware visibility, update constraints, shadow IoT proliferation.","Lateral-movement compromise, privacy breaches, physical disruption.","Manufacturing, facilities, healthcare, and any mixed OT/IT environments.",SME → Enterprise.,FM-011;FM-032;FM-031;FM-018;FM-037;FM-029;FM-024;FM-041,"Unmanaged device sprawl and vendor lock-in introduce unpatchable, long-tail risk.",CRT-N-0032; CRT-N-0071; CRT-N-0075; CRT-N-0079,Extends perimeter visibility to embedded systems; aligns with NIST IR 8228.
CRT-G-08,Emerging Technologies and Systemic Risks,CRT-C-0044,Blockchain Integrity and Privacy Measures,Blockchain Security Controls,"Defines integrity-checking, key-management, and data-obfuscation practices for blockchain-based systems.",Contextual,Preventative / Corrective,Moderate,Preserve data authenticity and privacy across distributed-ledger environments.,"Key loss, immutability of sensitive data, governance fragmentation.","Data-exposure irreversibility, protocol vulnerabilities, compliance gaps.",Smart-contract and digital-asset platforms.,SME → Enterprise.,FM-014;FM-024;FM-029;FM-028;FM-039;FM-037,Weak key custody or consensus errors erode cryptographic trust foundations.,CRT-N-0047; CRT-N-0061; CRT-N-0062; CRT-N-0063,Ensures verifiable integrity while mitigating over-transparency risks.
CRT-G-08,Emerging Technologies and Systemic Risks,CRT-C-0045,Federated Identity Security Frameworks,Decentralised & Federated Identity,Implements governance and trust validation for federated and decentralised identity models.,Supplemental,Preventative,High,Ensure secure interoperability and revocation control across multiple domains.,"Token-standard divergence, issuer trust, cross-domain liability.","Identity takeover, replay attacks, trust-anchor collapse.","Cross-organisation SSO, government-ID federations, decentralised ID systems.",SME → Enterprise.,FM-009;FM-003;FM-015;FM-025;FM-041;FM-037;FM-039,Federation logic drift or token re-use undermines identity assurance chains.,CRT-N-0053; CRT-N-0054; CRT-N-0055; CRT-N-0056; CRT-N-0057,Foundational to zero-trust architectures; links to NIST SP 800-63 and W3C DID models.
CRT-G-08,Emerging Technologies and Systemic Risks,CRT-C-0046,AI Model Security and Explainability,AI Model Risk & Explainability,"Applies controls for dataset integrity, model drift detection, and interpretability assurance in AI systems.",Common,Preventative / Detective,High,"Maintain trust, fairness, and traceability of automated decision processes.","Opaque logic paths, bias propagation, data-poisoning detection.","Regulatory exposure, ethical misuse, systemic propagation of error.","AI-enabled analytics, fraud detection, and automation workflows.",SME → Enterprise.,FM-028;FM-027;FM-034;FM-036;FM-039;FM-033;FM-024;FM-026,Unvalidated model inputs or explainability gaps distort interpretability and trust. Governance checkpoints and explainability validation maintain accountability in AI-driven control loops.,CRT-N-0018; CRT-N-0019; CRT-N-0020; CRT-N-0039; CRT-N-0043; CRT-N-0044; CRT-N-0049; CRT-N-0050,Bridges technical and governance domains; aligned with NIST AI RMF.
CRT-G-08,Emerging Technologies and Systemic Risks,CRT-C-0063,AI System Hardening and Abuse Prevention,Artificial Intelligence Security Architecture,"Implements technical and procedural safeguards to detect, prevent, and respond to malicious prompt injection, model manipulation, or autonomous exploit chaining within AI systems.",Common,Preventative,High,"Preserve integrity, confidentiality, and safe operation of AI systems under adversarial or abnormal conditions.","Dynamic threat vectors, opaque model behaviours, dependency on third-party model supply chains, difficulty verifying prompt and data integrity.","Compromised AI decisioning, automated exploit escalation, reputational damage, breach of safety or ethics thresholds.","Applied to internal and third-party AI models, APIs, and autonomous logic layers operating in production or hybrid cloud environments.","Model hosting environments, AI inference pipelines, agent orchestration systems, prompt gateways, and embedded ML integrations.",FM-028;FM-030;FM-036;FM-033;FM-041;FM-039;FM-025;FM-005,"Reinforces defensive depth for AI systems by addressing model-level, data-level, and behavioural exploitation pathways. Enables early detection of adversarial activity and controlled containment of AI-driven incidents.",CRT-N-0039; CRT-N-0040; CRT-N-0041; CRT-N-0042; CRT-N-0079; CRT-N-0080; CRT-N-0081,"Extendable to LLMs, generative models, and autonomous agents. Integration with runtime telemetry and provenance tracking is critical."
CRT-G-08,Emerging Technologies and Systemic Risks,CRT-C-0064,AI Output Safety and Human-Oversight Controls,AI Governance and Decision Integrity,"Establishes layered safeguards ensuring that AI-generated outputs, recommendations, or automations undergo context validation, human-oversight review, and risk scoring before execution or dissemination.",Common,Preventative / Detective,High,"Ensure human accountability, contextual accuracy, and ethical safety in AI-mediated outcomes.","Over-reliance on automated logic, context drift, bias amplification, limited interpretability, and inconsistent human oversight.","Harmful or misleading outputs, operational disruption, regulatory exposure, and reputational degradation.","Applied across AI-assisted decision engines, automated communication systems, workflow orchestration, and public-facing AI interfaces.","AI content generation, financial or operational recommendations, autonomous control actions, and interactive user-facing models.",FM-039;FM-034;FM-018;FM-021;FM-033;FM-027;FM-036,"Introduces governance guardrails and human-in-the-loop validation to prevent AI systems from executing or communicating unsafe, biased, or contextually incorrect actions.",CRT-N-0013; CRT-N-0014; CRT-N-0017; CRT-N-0018; CRT-N-0019; CRT-N-0020; CRT-N-0021,"Complements CRT-C-0046 and CRT-C-0063; together they provide a full AI-resilience triad (integrity, explainability, oversight)."
CRT-G-08,Emerging Technologies and Systemic Risks,CRT-C-0047,Edge Computing Security Posture,Edge Node Security,"Applies isolation, authentication, and telemetry standards to distributed edge-node environments.",Supplemental,Preventative / Detective,Moderate,Reduce attack propagation between central and peripheral nodes.,"Hardware diversity, latency constraints, limited monitoring reach.","Lateral compromise, configuration drift, uncoordinated patch cycles.","Edge-IoT, 5G MEC, and industrial gateways.",SME → Enterprise.,FM-031;FM-009;FM-036;FM-024;FM-037;FM-029;FM-030;FM-041,Edge deployments decentralise risk visibility and introduce control fragmentation.,CRT-N-0032; CRT-N-0033; CRT-N-0034; CRT-N-0071; CRT-N-0075; CRT-N-0079,Integrates network-and-device hygiene; critical for near-real-time systems.
CRT-G-08,Emerging Technologies and Systemic Risks,CRT-C-0048,Systemic Risk Stress Testing,Systemic Resilience Stress Testing,Models multi-layered interdependencies to test resilience under cascading-failure scenarios.,Contextual,Detective / Corrective,High,Quantify compound impact and evaluate control-chain saturation thresholds.,"Complex data integration, limited historical precedents, simulation fidelity.","Underestimated exposure, chain-reaction failures, policy misalignment.","Cross-infrastructure, financial-services, and public-sector ecosystems.",Enterprise → National.,FM-029;FM-030;FM-037;FM-034;FM-021;FM-023;FM-039;FM-018,Overconfidence in resilience metrics or under-tested dependencies masks cascade exposure. Scenario simulation and AI model auditing sustain operational confidence.,CRT-N-0042; CRT-N-0043; CRT-N-0011; CRT-N-0019; CRT-N-0020,Connects cyber resilience with systemic-risk regulation; aligns with DORA and FCA operational-resilience guidance.
CRT-G-09,"Crisis, Monitoring, and Response",CRT-C-0049,Security Monitoring and Anomaly Detection,Security Telemetry & Analytics,"Aggregates and correlates telemetry across networks, endpoints, and applications to detect suspicious or anomalous activity.",Common,Detective,High,Provide continuous visibility and accelerate threat discovery before impact escalation.,"Signal overload, false positives, siloed data sources.","Missed detection, delayed containment, operational paralysis.",SOC and hybrid-cloud observability environments.,SME → Enterprise.,FM-003;FM-007;FM-017;FM-018;FM-036;FM-037;FM-035;FM-031;FM-030;FM-028;FM-033;FM-039;FM-023,Poorly aligned log sources or decaying detection logic delay anomaly visibility. Extended telemetry validation and secure forwarding reduce event-stream tampering and silent loss. Mapping shared dependencies and sequencing control execution prevents recursive or circular control failure.,CRT-N-0068; CRT-N-0075; CRT-N-0077; CRT-N-0078; CRT-N-0079; CRT-N-0080; CRT-N-0081; CRT-N-0082; CRT-N-0083; CRT-N-0084,Foundational control supporting all CRT domains; aligns with NIST CSF DE.AE.
CRT-G-09,"Crisis, Monitoring, and Response",CRT-C-0050,Incident Response Frameworks,Incident Response Playbooks,"Defines structured playbooks, escalation routes, and communication templates for security incidents.",Common,Corrective,High,"Coordinate technical, legal, and communication responses efficiently under pressure.","Unclear roles, incomplete data, cross-team latency.","Extended outage, stakeholder confusion, legal exposure.",All operational domains; integrated with continuity and crisis-management plans.,SME → Enterprise.,FM-019;FM-034;FM-040;FM-041;FM-030;FM-023;FM-017;FM-021;FM-024;FM-035;FM-042,Lack of rehearsal and ownership clarity leads to fragmented response and slow restoration.,CRT-N-0085; CRT-N-0086; CRT-N-0087; CRT-N-0088; CRT-N-0089; CRT-N-0090; CRT-N-0091; CRT-N-0092; CRT-N-0093; CRT-N-0094; CRT-N-0099; CRT-N-0100; CRT-N-0102; CRT-N-0103; CRT-N-0104,Maps directly to ISO 27035 and NIST SP 800-61 Incident-Handling Guide.
CRT-G-09,"Crisis, Monitoring, and Response",CRT-C-0051,Vulnerability Monitoring and Patch Management,Vulnerability & Patch Operations,Implements continuous vulnerability assessment and coordinated patch cycles across assets.,Common,Preventative / Corrective,High,Reduce exposure window between disclosure and remediation.,"Legacy systems, operational downtime, fragmented ownership.","Known-vulnerability exploitation, compliance breach.",Hybrid infrastructure; requires asset and CMDB integration.,SME → Enterprise.,FM-002;FM-011;FM-032;FM-018;FM-037;FM-029;FM-030;FM-010;FM-015;FM-003,Weak patch cadence and asset tracking increase exploit windows.,CRT-N-0039; CRT-N-0065; CRT-N-0066; CRT-N-0067; CRT-N-0084; CRT-N-0046,Directly supports CIS Controls 3 and 7; essential for preventive resilience.
CRT-G-09,"Crisis, Monitoring, and Response",CRT-C-0052,Threat Intelligence Integration,Threat Intelligence Fusion,"Consumes, normalises, and correlates threat-intelligence feeds with internal telemetry for proactive defence.",Supplemental,Detective / Preventative,Moderate,Enable anticipatory response and contextual situational awareness.,"Feed quality, duplication, integration overhead.","Delayed detection of emerging threats, wasted analytic effort.","SOC, SIEM, and Threat-Hunting operations.",SME → Enterprise.,FM-035;FM-017;FM-036;FM-039;FM-033;FM-028;FM-009;FM-023,Uncorrelated feeds or model bias cause alert fatigue and misinterpretation. Mapping shared dependencies and sequencing control execution prevents recursive or circular control failure. Dependency and data-integrity checks sustain reliable analytics and prevent feedback-loop amplification.,CRT-N-0040; CRT-N-0041; CRT-N-0042; CRT-N-0043; CRT-N-0084; CRT-N-0081,Aligns with MITRE ATT&CK and threat-intel sharing (STIX/TAXII) standards.
CRT-G-09,"Crisis, Monitoring, and Response",CRT-C-0053,Post-Incident Analysis and Lessons Learned,Post-Incident Review & Learning,"Formalises the capture of root causes, remediation outcomes, and systemic-improvement actions after incidents.",Common,Corrective,Moderate,Transform reactive lessons into proactive resilience improvements.,"Poor documentation, repetition of past errors, cultural inertia.","Recurring vulnerabilities, audit findings, knowledge loss.",Post-incident review processes linked to risk registers.,SME → Enterprise.,FM-034;FM-033;FM-021;FM-023;FM-018;FM-035;FM-040,Missed review cycles or overconfidence in restoration mask latent risk.,CRT-N-0091; CRT-N-0092; CRT-N-0093; CRT-N-0094; CRT-N-0099; CRT-N-0104; CRT-N-0049; CRT-N-0050; CRT-N-0051,Feeds directly into continuous-improvement loops (ISO 27001 PDCA).
CRT-G-09,"Crisis, Monitoring, and Response",CRT-C-0054,Crisis Communication Strategies,Crisis Communications,"Establishes coordinated communication channels, approval hierarchies, and external messaging protocols during crises.",Contextual,Corrective,High,Protect trust and ensure consistent internal and external messaging under stress.,"Message latency, conflicting narratives, lack of prepared templates.","Public misinformation, stakeholder panic, regulatory repercussions.",Executive and communications functions integrated with incident response.,SME → Enterprise.,FM-019;FM-042;FM-040;FM-034;FM-041;FM-021;FM-024,"Lack of communication structure fuels confusion, reputational damage, and delayed action.",CRT-N-0095; CRT-N-0096; CRT-N-0089; CRT-N-0105; CRT-N-0106; CRT-N-0086,Bridges cyber response and corporate reputation management.
CRT-G-09,"Crisis, Monitoring, and Response",CRT-C-0061,Recovery Communication & Coordination,Incident Recovery Communication,"Defines coordinated communication, stakeholder notification, and decision authority during recovery operations to maintain confidence and clarity across internal and external audiences.",Common,Corrective,Moderate–High,"Ensure consistent, timely, and authoritative information flow during post-incident recovery.","Conflicting priorities, unclear authority, fragmented reporting, and lack of real-time situational awareness.","Reputational damage, regulatory non-compliance, delayed recovery, and stakeholder mistrust.","Enterprise crisis-management and incident-response programmes across digital, operational, and communications functions.","Business continuity, cybersecurity incident recovery, stakeholder communications, regulatory notifications.",FM-020;FM-040;FM-019;FM-042;FM-024;FM-034;FM-021;FM-017,Strengthens the communication and coordination interface between recovery teams and leadership to maintain stakeholder confidence and compliance obligations.,CRT-N-0099; CRT-N-0100; CRT-N-0101; CRT-N-0102; CRT-N-0103; CRT-N-0104; CRT-N-0105; CRT-N-0106,Must integrate with both crisis-response (RS.CO) and recovery-plan (RC.CO) procedures.
CRT-G-10,Physical and Environmental Security,CRT-C-0055,Secure Data Centre Access,Data Centre Physical Security,"Implements layered access controls (badging, biometrics, CCTV) and visitor-management procedures for all data-centre and comms-room environments.",Common,Preventative,High,Restrict physical access to critical infrastructure and maintain full audit traceability.,"Shared-facility dependency, vendor oversight, insider risk.","Asset compromise, hardware tampering, service disruption.",On-premise and colocation data centres.,SME → Enterprise.,FM-005;FM-001;FM-015;FM-041;FM-036;FM-024;FM-018;FM-017,Physical access weaknesses or poor audit coverage expose sensitive environments.,CRT-N-0058; CRT-N-0076; CRT-N-0077; CRT-N-0061; CRT-N-0032,Baseline physical-layer safeguard; aligned with ISO 27001 Annex A.11.
CRT-G-10,Physical and Environmental Security,CRT-C-0056,Mobile Device Security Policies,Mobile & BYOD Security,"Defines configuration baselines, encryption requirements, and remote-wipe capabilities for corporate and BYOD devices.",Common,Preventative / Corrective,Moderate,Prevent data leakage or compromise via portable endpoints.,"User non-compliance, fragmented OS versions, limited telemetry.","Credential theft, regulatory breach, data-loss exposure.","Workforce mobility, hybrid-work models.",Personal → Enterprise.,FM-003;FM-011;FM-032;FM-015;FM-024;FM-001;FM-018;FM-007;FM-036,Portable devices expand attack surface and often bypass classification or patch routines.,CRT-N-0053; CRT-N-0054; CRT-N-0055; CRT-N-0061; CRT-N-0062; CRT-N-0063; CRT-N-0069; CRT-N-0071,Interfaces with access-control domains (CRT-G-02); core to zero-trust edge enforcement.
CRT-G-10,Physical and Environmental Security,CRT-C-0057,Hardware Asset Management,Hardware Asset Governance,"Maintains a verified inventory of all physical hardware assets, linking serials, locations, and ownership to configuration records.",Common,Preventative / Detective,Moderate,"Enable accountability, loss detection, and lifecycle tracking.","Shadow assets, disposal verification, integration with CMDB.","Asset theft, configuration drift, audit gaps.",Enterprise IT and OT estates.,SME → Enterprise.,FM-011;FM-032;FM-037;FM-018;FM-030;FM-029;FM-036;FM-038;FM-031;FM-001,Incomplete asset inventories enable untracked devices and unmanaged dependencies. Comprehensive asset and dependency registers reveal hidden inter-system reliance.,CRT-N-0032; CRT-N-0038; CRT-N-0067; CRT-N-0079; CRT-N-0047,Complements CRT-C-0051 (Vulnerability Management) and supports ISO 55000 alignment.
CRT-G-10,Physical and Environmental Security,CRT-C-0058,Environmental Controls and Monitoring,Facilities Environmental Controls,"Establishes environmental safeguards for temperature, humidity, power, and water ingress, with real-time alerts and redundancy triggers.",Common,Preventative / Detective,Moderate,Maintain operational stability and hardware longevity.,"Sensor calibration, alert fatigue, maintenance windows.","Hardware degradation, unplanned outage, data loss.",Data-centre and equipment-room operations.,SME → Enterprise.,FM-008;FM-020;FM-036;FM-024;FM-040;FM-023;FM-017,"Environmental failures cause cascading disruption, particularly where backup systems are co-located. Mapping shared dependencies and sequencing control execution prevents recursive or circular control failure. Environmental monitoring exposes cascading dependencies and avoids reciprocal failures.",CRT-N-0072; CRT-N-0076,Integrates with business-continuity and facilities-management frameworks.
CRT-G-10,Physical and Environmental Security,CRT-C-0059,Physical Access Logging and Surveillance,Physical Logging & Surveillance,Captures and retains logs from physical-access systems and CCTV to support investigation and compliance.,Common,Detective,Moderate,Provide auditable evidence of facility-access events.,"Retention limits, privacy regulation, storage capacity.","Lost audit trail, undetected intrusion, legal liability.",All secure and restricted facilities.,SME → Enterprise.,FM-005;FM-015;FM-019;FM-023;FM-036;FM-041;FM-007;FM-003,Lack of surveillance integration undermines forensic traceability and policy enforcement.,CRT-N-0058; CRT-N-0076,Essential to forensic readiness and legal defensibility.
CRT-G-10,Physical and Environmental Security,CRT-C-0060,Backup Facility and Redundancy Planning,Backup Sites & Redundancy,"Defines geographic redundancy, failover infrastructure, and contingency arrangements for sustained service availability.",Contextual,Corrective,High,Ensure operational continuity following facility or environmental failure.,"Cost justification, replication latency, multi-vendor coordination.","Extended downtime, data unavailability, reputational impact.",All critical business and IT operations.,SME → Enterprise → Critical Infrastructure.,FM-020;FM-029;FM-030;FM-036;FM-040;FM-032;FM-037,Weak redundancy posture or shared-region dependency increases systemic failure impact. Mapping shared dependencies and sequencing control execution prevents recursive or circular control failure. Structured recovery tests and dependency audits validate multi-path restoration.,CRT-N-0073; CRT-N-0074; CRT-N-0064,Completes the resilience-layer chain; aligns with ISO 22301 and DORA continuity requirements.
CRT-G-10,Physical and Environmental Security,CRT-C-0062,Backup and Restoration Policy Governance,Continuity and Data Recovery,"Establishes policy requirements for backup creation, encryption, off-site storage, and periodic restoration testing to ensure recoverability and compliance with continuity objectives.",Common,Corrective,Moderate–High,"Maintain reliable data recoverability through verifiable, policy-driven backup and restoration practices.","Incomplete coverage, testing neglect, dependency on third-party infrastructure, and misaligned recovery objectives.","Data loss, prolonged downtime, compliance failure, or financial impact from recovery delay.","On-premise and cloud-hosted infrastructure, backup appliances, and managed storage providers.","Enterprise data protection, cloud backup orchestration, disaster-recovery planning, regulatory continuity testing.",FM-020;FM-018;FM-036;FM-023;FM-024;FM-040;FM-032,"Embeds governance oversight into technical backup operations, ensuring recoverability validation and alignment with strategic continuity objectives.",CRT-N-0064; CRT-N-0101; CRT-N-0103,Complements CRT-C-0060 (Backup Facility and Redundancy Planning) by formalising policy assurance and recovery testing cadence.